,Creation Date,Status,Completion Date,Service Request Number,Type of Service Request,Street Address,ZIP Code,X Coordinate,Y Coordinate,Ward,Police District,Community Area,Latitude,Longitude,Location
0,12/18/2018,Open,,18-03387982,Street Lights - All/Out,3200 N AUSTIN AVE,60634.0,1135828.07112165,1920652.89532124,30.0,16.0,17.0,41.93844814726,-87.77621462934,"(41.938448147264, -87.776214629335)"
1,12/18/2018,Open - Dup,,18-03387616,Street Lights - All/Out,5300 W MONTROSE AVE,60641.0,1140226.16979736,1928743.80820626,38.0,16.0,15.0,41.96057080937,-87.75985140823,"(41.960570809372, -87.759851408233)"
2,12/18/2018,Open,,18-03387604,Street Lights - All/Out,5100 W MONTROSE AVE,60641.0,1141688.19348685,1928775.70669177,45.0,16.0,15.0,41.96063136584,-87.7544754166,"(41.960631365841, -87.754475416604)"
3,12/18/2018,Open,,18-03387651,Street Lights - All/Out,5500 N MONITOR AVE,60630.0,1136212.07617478,1936200.83562452,45.0,16.0,11.0,41.98110634501,-87.77443059621,"(41.981106345008, -87.774430596215)"
4,12/18/2018,Open,,18-03388032,Street Lights - All/Out,7006 W GRACE ST,60634.0,1128995.71416637,1924459.34298528,38.0,16.0,17.0,41.94901258189,-87.80123875225,"(41.949012581894, -87.801238752251)"
5,12/18/2018,Open,,18-03387372,Street Lights - All/Out,1708 W 82ND ST,60620.0,1166351.12533104,1850323.77358967,21.0,6.0,71.0,41.7448590665,-87.66604337819,"(41.744859066499, -87.666043378189)"
6,12/18/2018,Open,,18-03387713,Street Lights - All/Out,3150 S WESTERN BLVD,60608.0,1160930.29666675,1883331.50628261,25.0,9.0,59.0,41.83555031694,-87.68499410897,"(41.83555031694, -87.684994108969)"
7,12/18/2018,Open,,18-03387910,Street Lights - All/Out,2100 S LAWNDALE AVE,60623.0,1152027.68448827,1889801.90818927,24.0,10.0,29.0,41.85348564872,-87.71749067529,"(41.853485648723, -87.717490675293)"
8,12/18/2018,Open - Dup,,18-03387641,Street Lights - All/Out,5400 W MONTROSE AVE,60641.0,1139555.98169035,1928728.91579394,38.0,16.0,15.0,41.96054222475,-87.76231575389,"(41.960542224746, -87.762315753885)"
9,12/18/2018,Open,,18-03387714,Street Lights - All/Out,10600 S SANGAMON ST,60643.0,1171862.27519936,1834536.41667515,34.0,22.0,73.0,41.70141724543,-87.64631139862,"(41.701417245431, -87.646311398623)"
10,12/18/2018,Open,,18-03387654,Street Lights - All/Out,10800 S EDBROOKE AVE,60628.0,1179158.75056974,1833386.40750619,9.0,5.0,49.0,41.69809862951,-87.6196291131,"(41.698098629509, -87.619629113098)"
11,12/18/2018,Open,,18-03387781,Street Lights - All/Out,12700 S LOWE AVE,60628.0,1174295.0644088,1820662.31508444,9.0,5.0,53.0,41.66329091908,-87.63781345973,"(41.66329091908, -87.637813459729)"
12,12/18/2018,Open,,18-03387701,Street Lights - All/Out,6345 S KARLOV AVE,60629.0,1150129.1783,1862154.133075,13.0,8.0,65.0,41.77765338947,-87.7251771088,"(41.777653389474, -87.725177108803)"
13,12/18/2018,Open,,18-03387936,Street Lights - All/Out,1500 N CICERO AVE,60651.0,1144107.46747355,1909542.1377168,37.0,25.0,25.0,41.90780742833,-87.74606522359,"(41.90780742833, -87.746065223591)"
14,12/18/2018,Open - Dup,,18-03387606,Street Lights - All/Out,5200 W MONTROSE AVE,60641.0,1140896.48548315,1928758.92801468,38.0,16.0,15.0,41.96059996273,-87.7573865863,"(41.960599962729, -87.7573865863)"
15,12/18/2018,Open,,18-03387703,Street Lights - All/Out,4700 S ROCKWELL ST,60632.0,1159824.72590644,1873414.56553101,15.0,9.0,58.0,41.80835986923,-87.68932356854,"(41.80835986923, -87.689323568542)"
16,12/18/2018,Open,,18-03388097,Street Lights - All/Out,8605 S BISHOP ST,60620.0,1168167.73418968,1847683.21189484,21.0,6.0,71.0,41.73757413945,-87.65946281671,"(41.737574139451, -87.659462816714)"
17,12/18/2018,Open,,18-03388534,Street Lights - All/Out,119 W 112TH ST,60628.0,1177394.48261254,1830688.58542861,34.0,5.0,49.0,41.69073535058,-87.62617001738,"(41.690735350584, -87.626170017385)"
18,12/18/2018,Open,,18-03387692,Street Lights - All/Out,6499 S CENTRAL AVE,60638.0,1140207.1473318,1860896.07011309,13.0,8.0,64.0,41.77438783508,-87.76158271771,"(41.774387835079, -87.761582717713)"
19,12/18/2018,Open,,18-03387790,Street Lights - All/Out,7008 S EAST END AVE,60649.0,1188989.01020213,1858828.4668052,5.0,3.0,43.0,41.76768503396,-87.58282391281,"(41.767685033964, -87.582823912806)"
20,12/18/2018,Open,,18-03387792,Street Lights - All/Out,8100 S PAULINA ST,60620.0,1166420.07538288,1850988.70430684,21.0,6.0,71.0,41.74668226432,-87.66577183303,"(41.746682264325, -87.665771833033)"
21,12/18/2018,Open - Dup,,18-03387652,Street Lights - All/Out,5400 W MONTROSE AVE,60641.0,1139555.98169035,1928728.91579394,38.0,16.0,15.0,41.96054222475,-87.76231575389,"(41.960542224746, -87.762315753885)"
22,12/17/2018,Open - Dup,,18-03379325,Street Lights - All/Out,13200 S EXCHANGE AVE,60633.0,1197771.48947973,1818030.44737564,10.0,4.0,55.0,41.65551677611,-87.55198988619,"(41.655516776108, -87.551989886188)"
23,12/17/2018,Open,,18-03380346,Street Lights - All/Out,7500 S LAFAYETTE AVE,60620.0,1177137.29141987,1855257.25430205,6.0,6.0,69.0,41.75816079472,-87.62637291775,"(41.758160794722, -87.626372917753)"
24,12/17/2018,Open,,18-03380317,Street Lights - All/Out,700 S LAKE SHORE DR,60605.0,1179322.56000991,1897219.48999635,4.0,1.0,32.0,41.87325906133,-87.61708233505,"(41.873259061333, -87.617082335045)"
25,12/17/2018,Open,,18-03385328,Street Lights - All/Out,1920 W WARREN BLVD,60612.0,1163603.32000455,1900375.04131655,27.0,12.0,28.0,41.8822636045,-87.67470616927,"(41.882263604501, -87.674706169268)"
26,12/17/2018,Open,,18-03384824,Street Lights - All/Out,11912 S PARNELL AVE,60628.0,1174780.44508837,1825902.1116928,34.0,5.0,53.0,41.6776590105,-87.63588201581,"(41.677659010502, -87.635882015815)"
27,12/17/2018,Open,,18-03378224,Street Lights - All/Out,10700 S LONGWOOD DR,60643.0,1165072.16520062,1833681.87928772,19.0,22.0,75.0,41.69921820256,-87.67119869413,"(41.699218202559, -87.671198694135)"
28,12/17/2018,Open,,18-03378258,Street Lights - All/Out,4700 N LAWNDALE AVE,60625.0,1150875.11547712,1930978.37807542,35.0,17.0,14.0,41.96650038065,-87.72064148165,"(41.966500380651, -87.720641481648)"
29,12/17/2018,Open,,18-03384649,Street Lights - All/Out,5924 W EASTWOOD AVE,60630.0,1136009.35717465,1930308.11221041,45.0,16.0,15.0,41.96493980407,-87.77531730642,"(41.964939804066, -87.775317306417)"
30,12/17/2018,Open,,18-03381529,Street Lights - All/Out,6351 S WOOD ST,60636.0,1165432.59139095,1862560.87751589,15.0,7.0,67.0,41.77845886421,-87.66906277782,"(41.778458864206, -87.669062777822)"
31,12/17/2018,Open,,18-03378163,Street Lights - All/Out,1935 W 29TH ST,60608.0,1164039.46378468,1884961.52542331,25.0,9.0,31.0,41.83995829506,-87.67353960863,"(41.839958295056, -87.673539608631)"
32,12/17/2018,Open - Dup,,18-03378390,Street Lights - All/Out,5400 W HENDERSON ST,60641.0,1139773.50173091,1921746.09376663,30.0,16.0,15.0,41.94137671774,-87.76168726396,"(41.941376717744, -87.761687263955)"
33,12/17/2018,Open,,18-03378205,Street Lights - All/Out,6238 W 60TH ST,60638.0,1135730.93997025,1864094.37933336,13.0,8.0,64.0,41.78324507909,-87.77791634836,"(41.783245079085, -87.777916348361)"
34,12/17/2018,Open,,18-03380395,Street Lights - All/Out,8700 S SANGAMON ST,60620.0,1171496.91462863,1847143.27059827,21.0,22.0,71.0,41.7360202855,-87.64728137735,"(41.736020285496, -87.64728137735)"
35,12/17/2018,Open,,18-03378406,Street Lights - All/Out,5200 W LAKE ST,60644.0,1141639.21928337,1902016.27982085,37.0,15.0,25.0,41.88720160368,-87.75531863213,"(41.887201603684, -87.755318632131)"
36,12/17/2018,Open,,18-03378204,Street Lights - All/Out,4000 E 134TH ST,60633.0,1204439.11998539,1816676.27997743,10.0,4.0,55.0,41.65163236366,-87.52763949079,"(41.651632363655, -87.527639490791)"
37,12/17/2018,Open,,18-03378245,Street Lights - All/Out,3131 N MASON AVE,60634.0,1136173.41440909,1920203.72201455,30.0,25.0,19.0,41.93720940176,-87.77495614558,"(41.937209401763, -87.774956145576)"
38,12/17/2018,Open,,18-03382469,Street Lights - All/Out,3000 W 41ST ST,60632.0,1157030.08447402,1877299.95006826,12.0,9.0,58.0,41.81907887583,-87.69946861428,"(41.81907887583, -87.699468614283)"
39,12/17/2018,Open - Dup,,18-03382467,Street Lights - All/Out,3000 W 41ST ST,60632.0,1157030.08447402,1877299.95006826,12.0,9.0,58.0,41.81907887583,-87.69946861428,"(41.81907887583, -87.699468614283)"
40,12/17/2018,Open - Dup,,18-03378418,Street Lights - All/Out,4600 N LAWNDALE AVE,60625.0,1150894.33702621,1930315.55351014,35.0,17.0,14.0,41.96468116805,-87.72058823556,"(41.96468116805, -87.720588235561)"
41,12/17/2018,Open,,18-03378222,Street Lights - All/Out,8600 S KOLIN AVE,60652.0,1148921.66808255,1847164.44971019,18.0,8.0,70.0,41.73654246505,-87.72998931492,"(41.736542465051, -87.729989314923)"
42,12/17/2018,Open,,18-03378357,Street Lights - All/Out,1307 N MOORMAN ST,60622.0,1164739.47070053,1908599.81939458,1.0,14.0,24.0,41.90480901248,-87.67030084408,"(41.904809012484, -87.670300844076)"
43,12/17/2018,Open,,18-03378198,Street Lights - All/Out,12549 S STEWART AVE,60628.0,1175907.94111983,1821707.0224871,9.0,5.0,53.0,41.66612189757,-87.63188002129,"(41.666121897567, -87.631880021292)"
44,12/17/2018,Open,,18-03380417,Street Lights - All/Out,4546 S JUSTINE ST,60609.0,1166766.85001219,1874572.71192896,15.0,9.0,61.0,41.81139238055,-87.66382834389,"(41.811392380555, -87.663828343894)"
45,12/17/2018,Open,,18-03384244,Street Lights - All/Out,10500 S CALHOUN AVE,60617.0,1194864.31728857,1835885.80930638,10.0,4.0,51.0,41.70458572235,-87.56204236072,"(41.704585722347, -87.562042360717)"
46,12/17/2018,Open,,18-03384966,Street Lights - All/Out,8433 S PAULINA ST,60620.0,1166479.056787,1848777.29649067,21.0,6.0,71.0,41.74061258586,-87.6656185862,"(41.740612585859, -87.665618586201)"
47,12/17/2018,Open,,18-03381334,Street Lights - All/Out,1656 N AVERS AVE,60647.0,1150456.94519431,1910734.14847576,26.0,25.0,23.0,41.91095676178,-87.72270923973,"(41.910956761778, -87.722709239733)"
48,12/17/2018,Open,,18-03381834,Street Lights - All/Out,4700 S CALIFORNIA AVE,60632.0,1158494.11870049,1873375.82862965,14.0,9.0,58.0,41.80828082766,-87.69420501108,"(41.808280827661, -87.694205011076)"
49,12/17/2018,Open,,18-03378352,Street Lights - All/Out,2200 W LAKE ST,60612.0,1161712.76402897,1901285.55957492,27.0,12.0,28.0,41.88480174983,-87.68162290488,"(41.884801749827, -87.681622904876)"
50,12/17/2018,Open,,18-03381397,Street Lights - All/Out,600 N DEARBORN ST,60654.0,1175835.2537335,1904183.6955094,42.0,18.0,8.0,41.89244837858,-87.6296761436,"(41.892448378583, -87.629676143598)"
52,12/17/2018,Open - Dup,,18-03378596,Street Lights - All/Out,13400 S AVENUE K,60633.0,1202418.78906736,1816732.26818982,10.0,4.0,55.0,41.65183757919,-87.53502949127,"(41.651837579194, -87.53502949127)"
53,12/17/2018,Open,,18-03383630,Street Lights - All/Out,1600 W 85TH ST,60620.0,1167154.26987748,1848352.34130575,21.0,6.0,71.0,41.73943204413,-87.66315679152,"(41.739432044128, -87.663156791518)"
54,12/17/2018,Open,,18-03380889,Street Lights - All/Out,6544 S KARLOV AVE,60629.0,1150164.86602151,1860884.34931811,13.0,8.0,65.0,41.77416820599,-87.7250792004,"(41.774168205988, -87.725079200402)"
55,12/17/2018,Open,,18-03378218,Street Lights - All/Out,3620 S PULASKI RD,60623.0,1150273.40782341,1880651.64220363,22.0,10.0,30.0,41.8284104824,-87.72416774877,"(41.828410482397, -87.724167748774)"
56,12/17/2018,Open,,18-03384723,Street Lights - All/Out,1118 W 111TH PL,60643.0,1170859.34621268,1830862.15997425,34.0,22.0,75.0,41.69135639952,-87.65009052075,"(41.691356399519, -87.650090520752)"
57,12/17/2018,Open,,18-03378168,Street Lights - All/Out,3232 S CALUMET AVE,60616.0,1179126.60098738,1883636.85339096,4.0,2.0,35.0,41.83599192562,-87.61821710513,"(41.835991925621, -87.618217105128)"
58,12/17/2018,Open,,18-03378369,Street Lights - All/Out,300 N STATE ST,60654.0,1176305.95490992,1902374.25198164,42.0,18.0,8.0,41.88747256454,-87.62800209608,"(41.88747256454, -87.628002096085)"
59,12/17/2018,Open,,18-03378407,Street Lights - All/Out,5744 N LANSING AVE,60646.0,1142255.02030903,1937765.69027481,39.0,16.0,12.0,41.98529007283,-87.75216722979,"(41.985290072831, -87.752167229789)"
60,12/17/2018,Open - Dup,,18-03378185,Street Lights - All/Out,10800 S RHODES AVE,60628.0,1181828.11500663,1833460.00007566,9.0,5.0,49.0,41.69823946187,-87.60985308948,"(41.698239461868, -87.609853089484)"
61,12/17/2018,Open,,18-03385432,Street Lights - All/Out,12100 S MICHIGAN AVE,60628.0,1179019.90641065,1824721.51993229,9.0,5.0,53.0,41.67432407075,-87.62040004115,"(41.674324070748, -87.620400041149)"
62,12/17/2018,Open,,18-03379813,Street Lights - All/Out,2601 S SPRINGFIELD AVE,60623.0,1150793.02461077,1886433.07677288,22.0,10.0,30.0,41.84426536618,-87.72211036011,"(41.844265366178, -87.722110360111)"
63,12/17/2018,Open,,18-03383274,Street Lights - All/Out,430 W 41ST ST,60609.0,1174031.76541536,1877750.75510669,11.0,9.0,61.0,41.81995482796,-87.63708672571,"(41.81995482796, -87.637086725714)"
64,12/17/2018,Open,,18-03383189,Street Lights - All/Out,3030 N LUNA AVE,60641.0,1138841.6412185,1919597.39648386,31.0,25.0,19.0,41.93549747323,-87.76516461218,"(41.935497473231, -87.765164612176)"
65,12/17/2018,Open,,18-03384363,Street Lights - All/Out,10451 S CALHOUN AVE,60617.0,1194857.91728857,1836205.90930638,10.0,4.0,51.0,41.70546426624,-87.56205529809,"(41.705464266241, -87.562055298094)"
66,12/17/2018,Open,,18-03378290,Street Lights - All/Out,4700 N SPAULDING AVE,60625.0,1153533.55098608,1931037.36996915,33.0,17.0,14.0,41.96660967621,-87.7108652111,"(41.966609676214, -87.710865211101)"
67,12/17/2018,Open,,18-03378164,Street Lights - All/Out,4301 S RACINE AVE,60609.0,1169069.829011,1876253.54797001,11.0,9.0,61.0,41.81595522739,-87.65533252296,"(41.815955227394, -87.655332522958)"
68,12/17/2018,Open,,18-03378402,Street Lights - All/Out,5315 W GEORGE ST,60641.0,1140442.69859628,1918767.29527288,31.0,25.0,19.0,41.93319032343,-87.75930097601,"(41.933190323428, -87.759300976008)"
69,12/17/2018,Open,,18-03385304,Street Lights - All/Out,3681 N ELSTON AVE,60618.0,1153521.65972343,1924314.00769286,33.0,17.0,16.0,41.94816055969,-87.71108843674,"(41.948160559685, -87.711088436736)"
70,12/17/2018,Open,,18-03378241,Street Lights - All/Out,12738 S LOWE AVE,60628.0,1174301.25651986,1820384.63819174,9.0,5.0,53.0,41.6625287901,-87.63779900009,"(41.662528790101, -87.637799000089)"
71,12/17/2018,Open,,18-03385112,Street Lights - All/Out,5600 W BERENICE AVE,60634.0,1138330.47281439,1925036.35446893,38.0,16.0,15.0,41.95043180587,-87.76691113067,"(41.950431805871, -87.766911130674)"
72,12/17/2018,Open - Dup,,18-03379641,Street Lights - All/Out,13226 S COMMERCIAL AVE,60633.0,1198104.54999239,1817857.8341047,10.0,4.0,55.0,41.65503481413,-87.55077695441,"(41.655034814134, -87.550776954406)"
73,12/17/2018,Open,,18-03380078,Street Lights - All/Out,925 N DRAKE AVE,60651.0,1152543.84452456,1905938.39942907,27.0,11.0,23.0,41.89775575018,-87.71516961141,"(41.89775575018, -87.715169611413)"
74,12/17/2018,Open,,18-03377088,Street Lights - All/Out,900 W MADISON ST,60607.0,1170415.09577016,1900236.71997063,25.0,12.0,28.0,41.88173786387,-87.6496974753,"(41.881737863868, -87.649697475297)"
75,12/17/2018,Open,,18-03378227,Street Lights - All/Out,8101 S LOOMIS BLVD,60620.0,1168406.29353152,1851035.35311252,21.0,6.0,71.0,41.7467677592,-87.65849248799,"(41.7467677592, -87.658492487987)"
76,12/17/2018,Open,,18-03378358,Street Lights - All/Out,1900 W LAKE ST,60612.0,1163707.83992705,1901398.35141552,27.0,12.0,28.0,41.88506944975,-87.67429351551,"(41.885069449755, -87.674293515505)"
77,12/17/2018,Open,,18-03378200,Street Lights - All/Out,12600 S HARVARD AVE,60628.0,1176247.21169838,1821382.64640789,9.0,5.0,53.0,41.66522417271,-87.63064808588,"(41.665224172712, -87.630648085882)"
78,12/17/2018,Open,,18-03378337,Street Lights - All/Out,2900 W LUNT AVE,60645.0,1155791.4743864,1946287.46126824,50.0,24.0,2.0,42.00841133857,-87.70214990017,"(42.008411338565, -87.702149900173)"
79,12/17/2018,Open,,18-03384775,Street Lights - All/Out,1600 W SUPERIOR ST,60622.0,1165592.91239389,1905088.78640445,1.0,12.0,24.0,41.8951563465,-87.667266041,"(41.895156346503, -87.667266040998)"
80,12/17/2018,Open,,18-03384792,Street Lights - All/Out,2911 N MOBILE AVE,60634.0,1133905.6296196,1918679.89892124,30.0,25.0,19.0,41.93306808947,-87.78332668496,"(41.933068089465, -87.783326684956)"
81,12/17/2018,Open - Dup,,18-03378591,Street Lights - All/Out,13200 S COMMERCIAL AVE,60633.0,1198103.84999239,1818032.8341047,10.0,4.0,55.0,41.65551505206,-87.55077370256,"(41.655515052064, -87.550773702559)"
82,12/17/2018,Open,,18-03378206,Street Lights - All/Out,2344 S KOLIN AVE,60623.0,1148020.79238511,1887933.15457856,22.0,10.0,29.0,41.84843546585,-87.73224554444,"(41.848435465852, -87.732245544442)"
83,12/17/2018,Open,,18-03378239,Street Lights - All/Out,10439 S SANGAMON ST,60643.0,1171828.85193127,1835603.2986712,34.0,22.0,73.0,41.70434566462,-87.64640262319,"(41.704345664619, -87.646402623192)"
84,12/17/2018,Open,,18-03378678,Street Lights - All/Out,13231 S EXCHANGE AVE,60633.0,1197771.78947973,1817821.74737564,10.0,4.0,55.0,41.65494407124,-87.55199571027,"(41.654944071238, -87.551995710275)"
85,12/17/2018,Open,,18-03378226,Street Lights - All/Out,8100 S THROOP ST,60620.0,1169068.3098243,1851059.95513047,21.0,6.0,71.0,41.74682099727,-87.65606598237,"(41.746820997266, -87.656065982369)"
86,12/17/2018,Open - Dup,,18-03379884,Street Lights - All/Out,100 W ADAMS ST,60603.0,1175562.70500805,1899431.45479199,42.0,1.0,32.0,41.87941409158,-87.63081997099,"(41.879414091576, -87.630819970991)"
87,12/17/2018,Open,,18-03384385,Street Lights - All/Out,7742 S CARPENTER ST,60620.0,1170655.98150397,1853477.44478075,17.0,6.0,71.0,41.75342047027,-87.65017801662,"(41.753420470272, -87.650178016625)"
88,12/17/2018,Open,,18-03378305,Street Lights - All/Out,3500 W DOUGLAS BLVD,60623.0,1153258.58659901,1893233.73250409,24.0,10.0,29.0,41.86287865587,-87.71288177287,"(41.862878655873, -87.71288177287)"
89,12/17/2018,Open,,18-03379787,Street Lights - All/Out,3328 W PIERCE AVE,60651.0,1153885.68969671,1910101.97517852,26.0,14.0,23.0,41.90915434867,-87.71013003561,"(41.909154348673, -87.710130035606)"
90,12/17/2018,Open,,18-03385117,Street Lights - All/Out,12199 S EDBROOKE AVE,60628.0,1179403.19992961,1824098.9123063,9.0,5.0,53.0,41.67260683029,-87.61901603392,"(41.672606830291, -87.619016033922)"
91,12/17/2018,Open - Dup,,18-03378154,Street Lights - All/Out,2561 S DAMEN AVE,60608.0,1163443.92120833,1886998.27607977,25.0,10.0,31.0,41.84555988091,-87.67566776738,"(41.845559880909, -87.675667767381)"
92,12/17/2018,Open - Dup,,18-03382807,Street Lights - All/Out,8400 S ESCANABA AVE,60617.0,1196946.00003234,1849832.89009641,10.0,4.0,46.0,41.74280630444,-87.55395732245,"(41.742806304436, -87.553957322447)"
93,12/17/2018,Open,,18-03384387,Street Lights - All/Out,3400 W 82ND PL,60652.0,1155153.86281997,1849683.92009443,18.0,8.0,70.0,41.74333415532,-87.70708916376,"(41.743334155316, -87.707089163762)"
94,12/17/2018,Open,,18-03378335,Street Lights - All/Out,2800 W LUNT AVE,60645.0,1156437.52778328,1946310.6516749,50.0,24.0,2.0,42.00846187881,-87.69977226836,"(42.008461878814, -87.699772268358)"
95,12/17/2018,Open,,18-03378509,Street Lights - All/Out,12532 S HARVARD AVE,60628.0,1176231.4530007,1821827.17318579,9.0,5.0,53.0,41.66644437867,-87.63069249339,"(41.666444378667, -87.630692493388)"
96,12/17/2018,Open,,18-03378303,Street Lights - All/Out,4700 N SPRINGFIELD AVE,60625.0,1149544.08110267,1930949.24161554,35.0,17.0,14.0,41.96644644241,-87.72553627817,"(41.966446442409, -87.725536278167)"
97,12/17/2018,Open,,18-03384522,Street Lights - All/Out,8435 S BENNETT AVE,60617.0,1190324.67922098,1849421.10619065,8.0,4.0,45.0,41.7418383318,-87.5782308196,"(41.741838331799, -87.578230819603)"
98,12/17/2018,Open,,18-03378399,Street Lights - All/Out,5400 W MELROSE ST,60641.0,1139794.5737235,1921080.50538465,30.0,16.0,15.0,41.93954989104,-87.76162613007,"(41.939549891042, -87.761626130075)"
99,12/17/2018,Open,,18-03385875,Street Lights - All/Out,600 N NOBLE ST,60642.0,1166951.2737725,1904127.06520097,1.0,12.0,24.0,41.89248827025,-87.6623047722,"(41.892488270254, -87.662304772198)"
100,12/17/2018,Open,,18-03384453,Street Lights - All/Out,11430 S CALUMET AVE,60628.0,1180621.83406892,1829123.21788919,9.0,5.0,49.0,41.68636644845,-87.61440237484,"(41.686366448452, -87.614402374837)"
101,12/17/2018,Open,,18-03385100,Street Lights - All/Out,4722 S WASHTENAW AVE,60632.0,1159163.82010211,1873251.22067414,14.0,9.0,58.0,41.80792519462,-87.69175210295,"(41.807925194618, -87.691752102948)"
102,12/17/2018,Open,,18-03385036,Street Lights - All/Out,3632 N PITTSBURGH AVE,60634.0,1120427.35200429,1923108.00087172,38.0,16.0,17.0,41.94544597418,-87.83276441672,"(41.945445974176, -87.832764416725)"
103,12/17/2018,Open,,18-03378183,Street Lights - All/Out,10700 S RHODES AVE,60628.0,1181808.3385036,1834124.19253078,9.0,5.0,49.0,41.7000625504,-87.60990507317,"(41.700062550397, -87.609905073169)"
104,12/17/2018,Open,,18-03380937,Street Lights - All/Out,4528 S TROY ST,60632.0,1156127.56357975,1874445.05570768,14.0,9.0,58.0,41.81126289547,-87.70285626693,"(41.811262895469, -87.702856266932)"
105,12/16/2018,Open,,18-03375685,Street Lights - All/Out,3601 S COTTAGE GROVE AVE,60653.0,1181514.1285975,1881151.64947254,4.0,2.0,36.0,41.82911747605,-87.60953337571,"(41.829117476046, -87.60953337571)"
106,12/16/2018,Open,,18-03371455,Street Lights - All/Out,332 N DESPLAINES ST,60661.0,1171866.74828576,1902441.19421421,42.0,12.0,28.0,41.88775522858,-87.64430208984,"(41.887755228577, -87.644302089843)"
107,12/16/2018,Open,,18-03375954,Street Lights - All/Out,1900 S CHRISTIANA AVE,60623.0,1154332.35490537,1890511.50877278,24.0,10.0,29.0,41.85538720517,-87.7090127254,"(41.855387205174, -87.709012725396)"
108,12/16/2018,Open,,18-03375534,Street Lights - All/Out,10035 S ST LAWRENCE AVE,60628.0,1182013.56390074,1838433.5201279,9.0,5.0,49.0,41.71188317091,-87.6090209104,"(41.711883170906, -87.609020910396)"
109,12/16/2018,Open,,18-03375577,Street Lights - All/Out,507 E 109TH ST,60628.0,1181577.94278823,1832790.74410279,9.0,5.0,49.0,41.69640869635,-87.61078964266,"(41.696408696349, -87.610789642661)"
110,12/16/2018,Open,,18-03371729,Street Lights - All/Out,10523 S SANGAMON ST,60643.0,1171846.27117734,1835046.37367742,34.0,22.0,73.0,41.70281699604,-87.64635510495,"(41.702816996042, -87.646355104955)"
111,12/16/2018,Open,,18-03374740,Street Lights - All/Out,5451 W HENDERSON ST,60641.0,1139429.52000975,1921737.93000221,30.0,16.0,15.0,41.94136060324,-87.76295175084,"(41.941360603241, -87.76295175084)"
112,12/16/2018,Open,,18-03375670,Street Lights - All/Out,6400 W SCHOOL ST,60634.0,1133125.64449059,1921256.6232845,36.0,16.0,17.0,41.94015260812,-87.78613267764,"(41.940152608116, -87.786132677643)"
113,12/16/2018,Open,,18-03374787,Street Lights - All/Out,2526 N ARTESIAN AVE,60647.0,1159592.13168668,1916679.78460829,32.0,14.0,22.0,41.92708865848,-87.68898555935,"(41.927088658483, -87.688985559345)"
114,12/16/2018,Open,,18-03375980,Street Lights - All/Out,63 E 21ST ST,60616.0,1177252.28107047,1890282.69360327,3.0,1.0,33.0,41.8542712063,-87.62489341183,"(41.854271206304, -87.624893411827)"
115,12/16/2018,Open,,18-03373355,Street Lights - All/Out,2500 W THOMAS ST,60622.0,1159538.39371214,1907236.28740258,1.0,12.0,24.0,41.90117609429,-87.68944353993,"(41.901176094287, -87.689443539926)"
116,12/16/2018,Open,,18-03376308,Street Lights - All/Out,1100 N ROCKWELL ST,60622.0,1158867.49661978,1907222.05851017,1.0,12.0,24.0,41.90115084035,-87.69190819885,"(41.901150840347, -87.691908198855)"
117,12/16/2018,Open,,18-03375581,Street Lights - All/Out,255 W 114TH ST,60628.0,1176528.67999487,1829342.583531,34.0,5.0,49.0,41.68706118057,-87.62938003406,"(41.687061180571, -87.629380034059)"
118,12/15/2018,Open,,18-03368721,Street Lights - All/Out,3500 W WRIGHTWOOD AVE,60647.0,1152606.60037521,1917064.84919748,35.0,14.0,22.0,41.92828648654,-87.71464432519,"(41.928286486545, -87.714644325193)"
119,12/15/2018,Open,,18-03368265,Street Lights - All/Out,1316 N MILWAUKEE AVE,60622.0,1164821.50987675,1908889.58668821,1.0,14.0,24.0,41.90560241365,-87.66999125969,"(41.905602413654, -87.669991259695)"
120,12/15/2018,Open,,18-03369627,Street Lights - All/Out,8700 W WILSON AVE,60656.0,1117383.21576879,1929642.26748433,38.0,16.0,76.0,41.96342508839,-87.84381664702,"(41.963425088386, -87.843816647021)"
121,12/15/2018,Open,,18-03366589,Street Lights - All/Out,8500 S CENTRAL PARK AVE,60652.0,1153803.03788954,1847977.87896677,18.0,8.0,70.0,41.73867935708,-87.71208384626,"(41.738679357082, -87.712083846259)"
122,12/15/2018,Open,,18-03368667,Street Lights - All/Out,137 S SANGAMON ST,60607.0,1170118.00152755,1899584.63402618,25.0,12.0,28.0,41.87995498317,-87.65080743316,"(41.879954983172, -87.650807433157)"
123,12/15/2018,Open,,18-03367475,Street Lights - All/Out,1900 N CLEVELAND AVE,60614.0,1172629.46582547,1912913.66417751,43.0,18.0,7.0,41.91647541932,-87.6411908827,"(41.916475419319, -87.641190882702)"
124,12/15/2018,Open,,18-03364110,Street Lights - All/Out,8643 S FRANCISCO AVE,60652.0,1158561.29738668,1847065.69990052,18.0,8.0,70.0,41.73608060767,-87.69467521295,"(41.736080607673, -87.694675212955)"
125,12/15/2018,Open,,18-03365500,Street Lights - All/Out,5346 W MELROSE ST,60641.0,1140151.81553206,1921088.95950488,30.0,16.0,15.0,41.93956654472,-87.76031293629,"(41.939566544721, -87.760312936289)"
126,12/15/2018,Open,,18-03368467,Street Lights - All/Out,10400 S STATE ST,60628.0,1178088.0816288,1836016.63839018,34.0,5.0,49.0,41.70534063167,-87.62346994883,"(41.705340631665, -87.62346994883)"
127,12/15/2018,Open,,18-03369437,Street Lights - All/Out,8637 W BERWYN AVE,60656.0,1117603.02011164,1933907.42000713,41.0,16.0,76.0,41.97512574006,-87.84291871405,"(41.975125740062, -87.84291871405)"
128,12/15/2018,Open,,18-03368281,Street Lights - All/Out,2716 W CHICAGO AVE,60622.0,1158248.36648014,1905219.53592373,26.0,12.0,24.0,41.89566842646,-87.69423711533,"(41.895668426463, -87.694237115328)"
129,12/15/2018,Open,,18-03368282,Street Lights - All/Out,407 W 125TH ST,60628.0,1175826.14111983,1822031.1224871,9.0,5.0,53.0,41.66701310719,-87.63216973145,"(41.667013107194, -87.632169731446)"
130,12/15/2018,Open,,18-03366545,Street Lights - All/Out,10215 S PARNELL AVE,60628.0,1174436.96080823,1837156.67272936,9.0,22.0,73.0,41.70855086363,-87.63680615931,"(41.70855086363, -87.636806159308)"
131,12/15/2018,Open,,18-03368329,Street Lights - All/Out,100 S GREEN ST,60607.0,1170747.13836916,1899778.22103008,27.0,12.0,28.0,41.88047244657,-87.64849166656,"(41.88047244657, -87.648491666557)"
132,12/15/2018,Open,,18-03368129,Street Lights - All/Out,5600 W BARRY AVE,60634.0,1138493.0048134,1920052.44348754,31.0,25.0,19.0,41.93675250285,-87.76643483204,"(41.936752502851, -87.766434832036)"
133,12/15/2018,Open,,18-03364535,Street Lights - All/Out,500 W 119TH ST,60628.0,1175107.87788418,1825990.22800502,34.0,5.0,53.0,41.67789353616,-87.63468089338,"(41.677893536158, -87.634680893379)"
134,12/15/2018,Open,,18-03368371,Street Lights - All/Out,453 W 30TH ST,60616.0,1173674.22428144,1885043.44961769,11.0,9.0,60.0,41.83997456278,-87.6381818521,"(41.839974562779, -87.638181852101)"
135,12/15/2018,Open,,18-03369534,Street Lights - All/Out,3308 N MENARD AVE,60634.0,1137123.77568793,1921442.68221573,30.0,16.0,15.0,41.94059220006,-87.77143351675,"(41.940592200057, -87.771433516754)"
136,12/15/2018,Open,,18-03368128,Street Lights - All/Out,2900 S CANAL ST,60616.0,1173760.42008308,1885708.80788968,11.0,9.0,60.0,41.84179844568,-87.63784578129,"(41.841798445684, -87.637845781291)"
138,12/14/2018,Open,,18-03355844,Street Lights - All/Out,150 N COLUMBUS DR,60601.0,1178318.61319011,1901312.99969159,42.0,1.0,32.0,41.88451480115,-87.62064346437,"(41.884514801151, -87.620643464371)"
139,12/14/2018,Open,,18-03356657,Street Lights - All/Out,8515 S CENTRAL PARK AVE,60652.0,1153808.55560983,1847805.43982093,18.0,8.0,70.0,41.73820604509,-87.71206819106,"(41.738206045088, -87.712068191056)"
140,12/14/2018,Open,,18-03362526,Street Lights - All/Out,9009 S YATES BLVD,60617.0,1193736.13087284,1845702.94519096,7.0,4.0,48.0,41.73155254788,-87.56585307562,"(41.731552547883, -87.565853075623)"
141,12/14/2018,Open,,18-03356168,Street Lights - All/Out,13400 S AVENUE K,60633.0,1202418.78906736,1816732.26818982,10.0,4.0,55.0,41.65183757919,-87.53502949127,"(41.651837579194, -87.53502949127)"
142,12/14/2018,Open,,18-03360037,Street Lights - All/Out,8824 S DAUPHIN AVE,60619.0,1183926.46569454,1846568.2199144,8.0,6.0,44.0,41.73416136914,-87.60176225216,"(41.734161369142, -87.601762252165)"
143,12/14/2018,Open,,18-03356581,Street Lights - All/Out,2040 W NORTH AVE,60647.0,1162485.31848325,1910641.64219595,2.0,14.0,24.0,41.91045943486,-87.67852374658,"(41.910459434862, -87.678523746578)"
144,12/14/2018,Open,,18-03356647,Street Lights - All/Out,1962 N HOWE ST,60614.0,1171627.5191095,1913250.98233254,43.0,18.0,7.0,41.91742316705,-87.64486202197,"(41.917423167053, -87.644862021971)"
145,12/14/2018,Open,,18-03356714,Street Lights - All/Out,229 N STATE ST,60601.0,1176319.66167198,1902027.4699164,42.0,1.0,32.0,41.88652066661,-87.6279622293,"(41.88652066661, -87.627962229305)"
146,12/14/2018,Open,,18-03356651,Street Lights - All/Out,6364 N OAK PARK AVE,60631.0,1130463.89528277,1941829.28661091,41.0,16.0,10.0,41.99665231058,-87.79544095722,"(41.996652310579, -87.795440957219)"
147,12/14/2018,Open,,18-03361151,Street Lights - All/Out,9800 S GENOA AVE,60643.0,1170438.77017712,1839769.70567704,34.0,22.0,73.0,41.71580923607,-87.65137204914,"(41.715809236074, -87.651372049139)"
148,12/14/2018,Open,,18-03360994,Street Lights - All/Out,2947 S FARRELL ST,60608.0,1169728.66367216,1885134.92801846,11.0,9.0,60.0,41.84031230364,-87.65265766523,"(41.840312303643, -87.652657665233)"
149,12/14/2018,Open,,18-03356670,Street Lights - All/Out,915 W 86TH PL,60620.0,1171640.75676823,1847479.05763331,21.0,6.0,71.0,41.73693858351,-87.64674457796,"(41.736938583512, -87.64674457796)"
150,12/14/2018,Open,,18-03356662,Street Lights - All/Out,600 S STATE ST,60605.0,1176451.12200319,1897667.02770095,4.0,1.0,32.0,41.87455239842,-87.62761115198,"(41.874552398422, -87.627611151977)"
151,12/14/2018,Open,,18-03362161,Street Lights - All/Out,4015 W WAVELAND AVE,60641.0,1148936.77909022,1924289.37311847,45.0,17.0,16.0,41.94818306205,-87.72794223776,"(41.948183062045, -87.727942237762)"
152,12/14/2018,Open,,18-03362461,Street Lights - All/Out,7500 S WINCHESTER AVE,60620.0,1164656.59011537,1854888.686971,17.0,6.0,71.0,41.75742174076,-87.67212387643,"(41.757421740756, -87.672123876433)"
153,12/14/2018,Open,,18-03358306,Street Lights - All/Out,899 S PLYMOUTH CT,60605.0,1176195.51618151,1896200.60922535,4.0,1.0,32.0,41.87053421921,-87.62859381896,"(41.870534219214, -87.62859381896)"
154,12/14/2018,Open,,18-03356769,Street Lights - All/Out,800 S LAKE SHORE DR,60605.0,1179333.45952308,1896750.8860168,4.0,1.0,32.0,41.87197293687,-87.617056675,"(41.871972936872, -87.617056675005)"
155,12/14/2018,Open,,18-03356663,Street Lights - All/Out,7640 S DAMEN AVE,60620.0,1164351.19790514,1853988.64790132,18.0,6.0,71.0,41.75495834073,-87.67326840765,"(41.754958340726, -87.67326840765)"
156,12/14/2018,Open,,18-03362325,Street Lights - All/Out,9647 S LOWE AVE,60628.0,1173670.57922062,1840896.36148015,21.0,22.0,73.0,41.71883008497,-87.63950234422,"(41.71883008497, -87.639502344223)"
157,12/14/2018,Open,,18-03356850,Street Lights - All/Out,902 W FULLERTON AVE,60614.0,1169870.47988323,1916149.13388219,43.0,19.0,7.0,41.92541436724,-87.65123268011,"(41.925414367241, -87.651232680106)"
158,12/14/2018,Open,,18-03356656,Street Lights - All/Out,1814 S DESPLAINES ST,60616.0,1172355.27622155,1891396.67071348,11.0,12.0,31.0,41.85743750859,-87.64283434706,"(41.857437508586, -87.642834347064)"
159,12/14/2018,Open,,18-03356615,Street Lights - All/Out,1200 W LAKE ST,60607.0,1168469.93190364,1901593.42620047,27.0,12.0,28.0,41.8855030614,-87.65680075361,"(41.885503061398, -87.656800753606)"
160,12/14/2018,Open,,18-03356613,Street Lights - All/Out,6551 N SHERIDAN RD,60626.0,1167063.20471696,1943888.20007634,49.0,24.0,1.0,42.00159219446,-87.66074781827,"(42.00159219446, -87.66074781827)"
161,12/14/2018,Open,,18-03356708,Street Lights - All/Out,3506 N KILDARE AVE,60641.0,1147097.17333114,1922986.69010759,30.0,17.0,16.0,41.94464384681,-87.73473773891,"(41.94464384681, -87.734737738906)"
162,12/14/2018,Open,,18-03356678,Street Lights - All/Out,700 S STATE ST,60605.0,1176467.76497282,1897134.93681092,4.0,1.0,32.0,41.87309193346,-87.62756611042,"(41.873091933462, -87.627566110422)"
163,12/14/2018,Open,,18-03356677,Street Lights - All/Out,5200 N KEDZIE AVE,60625.0,1154103.29649329,1934371.65237941,39.0,17.0,13.0,41.97574776558,-87.70868094649,"(41.975747765579, -87.70868094649)"
164,12/14/2018,Open,,18-03356749,Street Lights - All/Out,1400 S LAKE SHORE DR,60605.0,1178878.35113346,1893906.02510999,4.0,1.0,33.0,41.86417688336,-87.61881448073,"(41.864176883357, -87.618814480734)"
165,12/14/2018,Open,,18-03357463,Street Lights - All/Out,1645 W JACKSON BLVD,60612.0,1165489.85790936,1898692.40709017,27.0,12.0,28.0,41.87760638214,-87.66782672284,"(41.877606382136, -87.667826722835)"
166,12/14/2018,Open,,18-03356736,Street Lights - All/Out,300 S LAKE SHORE DR,60605.0,1179274.82033096,1899084.92001433,42.0,1.0,32.0,41.87837899339,-87.61720046415,"(41.878378993387, -87.617200464154)"
167,12/14/2018,Open,,18-03356761,Street Lights - All/Out,1800 S LAKE SHORE DR,60616.0,1179530.42821926,1891665.53646687,4.0,1.0,33.0,41.85801393119,-87.61648943056,"(41.858013931191, -87.616489430559)"
168,12/14/2018,Open,,18-03359886,Street Lights - All/Out,1235 W ELMDALE AVE,60660.0,1166837.88000985,1939990.76779272,48.0,20.0,77.0,41.99090241177,-87.66168921412,"(41.990902411768, -87.661689214115)"
169,12/14/2018,Open,,18-03356750,Street Lights - All/Out,1634 S LAKE SHORE DR,60616.0,1179323.32900323,1892238.42198474,4.0,1.0,33.0,41.85959070635,-87.61723206346,"(41.859590706349, -87.617232063463)"
170,12/14/2018,Open - Dup,,18-03359903,Street Lights - All/Out,13200 S COMMERCIAL AVE,60633.0,1198103.84999239,1818032.8341047,10.0,4.0,55.0,41.65551505206,-87.55077370256,"(41.655515052064, -87.550773702559)"
171,12/14/2018,Open,,18-03359684,Street Lights - All/Out,5031 S LAPORTE AVE,60638.0,1144209.50537054,1870812.39492297,22.0,8.0,56.0,41.80152592081,-87.74666245613,"(41.801525920806, -87.746662456128)"
172,12/14/2018,Open - Dup,,18-03360212,Street Lights - All/Out,11752 S LOOMIS ST,60643.0,1169111.1702716,1826816.59999646,34.0,5.0,53.0,41.68029257975,-87.65660712562,"(41.680292579747, -87.656607125624)"
173,12/14/2018,Open,,18-03356660,Street Lights - All/Out,4065 S SACRAMENTO AVE,60632.0,1157024.38447402,1877461.05006826,12.0,9.0,58.0,41.81952107003,-87.69948516468,"(41.819521070028, -87.699485164677)"
174,12/14/2018,Open,,18-03362937,Street Lights - All/Out,2600 S DAMEN AVE,60608.0,1163450.72120833,1886739.27607977,25.0,10.0,31.0,41.84484901575,-87.67565009106,"(41.844849015748, -87.675650091059)"
175,12/14/2018,Open,,18-03362352,Street Lights - All/Out,12800 S WALLACE ST,60628.0,1174640.68546884,1820026.72390583,9.0,5.0,53.0,41.66153909007,-87.63656746202,"(41.661539090066, -87.636567462017)"
176,12/14/2018,Open,,18-03355995,Street Lights - All/Out,4041 N PITTSBURGH AVE,60634.0,1120340.78637008,1925819.44830304,38.0,16.0,17.0,41.95288791949,-87.83302443089,"(41.952887919494, -87.83302443089)"
177,12/14/2018,Open,,18-03362454,Street Lights - All/Out,2600 W 47TH ST,60632.0,1159824.72590644,1873414.56553101,15.0,9.0,58.0,41.80835986923,-87.68932356854,"(41.80835986923, -87.689323568542)"
178,12/14/2018,Open,,18-03356585,Street Lights - All/Out,1636 W PRATT BLVD,60626.0,1164133.30011964,1945238.12609453,49.0,24.0,1.0,42.00535907206,-87.67148809896,"(42.005359072058, -87.671488098959)"
179,12/14/2018,Open,,18-03362477,Street Lights - All/Out,3600 W WILSON AVE,60625.0,1151559.09607718,1930331.04682405,35.0,17.0,14.0,41.96471061165,-87.71814366783,"(41.964710611653, -87.71814366783)"
180,12/14/2018,Open,,18-03363223,Street Lights - All/Out,6419 S INGLESIDE AVE,60637.0,1183829.01332029,1862617.66730184,20.0,3.0,42.0,41.77820494858,-87.60161917888,"(41.778204948584, -87.601619178881)"
181,12/13/2018,Open,,18-03347090,Street Lights - All/Out,5150 W NEWPORT AVE,60641.0,1141715.69367301,1922457.23700638,31.0,16.0,15.0,41.94329240009,-87.7545311956,"(41.943292400091, -87.754531195604)"
184,12/13/2018,Open - Dup,,18-03352618,Street Lights - All/Out,1200 W 73RD PL,60636.0,1169594.93349488,1856052.38998678,17.0,7.0,67.0,41.76050951272,-87.65399185032,"(41.760509512723, -87.653991850325)"
187,12/13/2018,Open,,18-03346908,Street Lights - All/Out,11600 S MORGAN ST,60643.0,1171741.67972175,1827823.55009939,34.0,5.0,53.0,41.68299871455,-87.6469488455,"(41.682998714547, -87.646948845497)"
189,12/13/2018,Open,,18-03346583,Street Lights - All/Out,1142 E 48TH ST,60615.0,1184669.28260753,1873413.59266557,4.0,2.0,39.0,41.80781018487,-87.59820031381,"(41.807810184872, -87.598200313805)"
190,12/13/2018,Open,,18-03354340,Street Lights - All/Out,3045 W 41ST ST,60632.0,1156724.68447402,1877290.95006826,15.0,9.0,58.0,41.81906035549,-87.70058918844,"(41.81906035549, -87.700589188438)"
193,12/13/2018,Open,,18-03354734,Street Lights - All/Out,1745 N LAWNDALE AVE,60647.0,1151441.53966907,1911352.75571179,26.0,25.0,23.0,41.9126349857,-87.7190758843,"(41.912634985703, -87.719075884305)"
196,12/13/2018,Open,,18-03345854,Street Lights - All/Out,2200 W 107TH ST,60643.0,1163608.13992948,1833634.74423028,19.0,22.0,72.0,41.69911961729,-87.67656063766,"(41.699119617293, -87.676560637664)"
197,12/13/2018,Open,,18-03346919,Street Lights - All/Out,5920 S ELIZABETH ST,60636.0,1169002.06852224,1865519.29836557,16.0,7.0,67.0,41.78650071811,-87.65589141291,"(41.786500718114, -87.655891412912)"
198,12/13/2018,Open,,18-03346771,Street Lights - All/Out,2955 N CLARK ST,60657.0,1170879.21068963,1919985.60049793,44.0,19.0,6.0,41.9359197239,-87.64741336954,"(41.935919723897, -87.647413369542)"
199,12/13/2018,Open,,18-03347019,Street Lights - All/Out,1200 N KEELER AVE,60651.0,1148160.38803284,1907669.73447104,37.0,25.0,23.0,41.90259225446,-87.73122507921,"(41.902592254462, -87.731225079213)"
200,12/13/2018,Open,,18-03346684,Street Lights - All/Out,2500 N DAMEN AVE,60647.0,1162554.07999686,1916740.56989166,32.0,14.0,22.0,41.92719386334,-87.67809995788,"(41.927193863344, -87.67809995788)"
201,12/13/2018,Open,,18-03352519,Street Lights - All/Out,208 S WESTERN AVE,60612.0,1160439.28239919,1898981.23893109,27.0,11.0,28.0,41.87850493069,-87.68636311309,"(41.878504930695, -87.686363113087)"
203,12/13/2018,Open,,18-03347056,Street Lights - All/Out,4500 W HARRISON ST,60624.0,1146421.2699003,1896977.78220266,28.0,11.0,26.0,41.87328564177,-87.73788574312,"(41.873285641774, -87.737885743118)"
205,12/13/2018,Open - Dup,,18-03347190,Street Lights - All/Out,3100 N MENARD AVE,60634.0,1137171.09728208,1920019.71711766,30.0,25.0,19.0,41.93668658246,-87.7712938793,"(41.936686582465, -87.771293879296)"
207,12/13/2018,Open,,18-03347079,Street Lights - All/Out,420 N CICERO AVE,60644.0,1144288.82340843,1902519.25991396,28.0,15.0,25.0,41.88853245288,-87.74557575236,"(41.888532452882, -87.74557575236)"
211,12/13/2018,Open,,18-03346837,Street Lights - All/Out,1900 W NORTH AVE,60622.0,1163439.32412411,1910672.48941953,2.0,14.0,24.0,41.91052404288,-87.67501822725,"(41.910524042877, -87.675018227245)"
212,12/13/2018,Open,,18-03346546,Street Lights - All/Out,13000 S INDIANA AVE,60827.0,1179912.23990922,1819182.41438299,9.0,5.0,54.0,41.65910360952,-87.61730244361,"(41.659103609523, -87.617302443614)"
214,12/13/2018,Open,,18-03346998,Street Lights - All/Out,1909 N RIDGEWAY AVE,60647.0,1151073.75080858,1912463.59990257,1.0,25.0,22.0,41.91569046455,-87.7203978915,"(41.915690464551, -87.720397891504)"
215,12/13/2018,Open,,18-03355705,Street Lights - All/Out,2911 E 81ST ST,60617.0,1197022.06478094,1851823.05061968,7.0,4.0,46.0,41.74826556482,-87.55361255,"(41.748265564818, -87.553612549998)"
218,12/13/2018,Open,,18-03346570,Street Lights - All/Out,448 E 134TH ST,60827.0,1181673.4600191,1816556.64997225,9.0,5.0,54.0,41.65185777525,-87.61093822746,"(41.651857775247, -87.610938227461)"
220,12/13/2018,Open,,18-03346681,Street Lights - All/Out,2217 W LOGAN BLVD,60647.0,1160944.74999615,1918558.38147187,1.0,14.0,22.0,41.93221565152,-87.68396297936,"(41.932215651522, -87.683962979358)"
221,12/13/2018,Open,,18-03346694,Street Lights - All/Out,322 S WESTERN AVE,60612.0,1160452.66067393,1898514.66592011,27.0,11.0,28.0,41.87722433488,-87.6863269055,"(41.877224334881, -87.686326905497)"
222,12/13/2018,Open,,18-03347600,Street Lights - All/Out,1200 W 73RD PL,60636.0,1169594.93349488,1856052.38998678,17.0,7.0,67.0,41.76050951272,-87.65399185032,"(41.760509512723, -87.653991850325)"
223,12/13/2018,Open,,18-03346590,Street Lights - All/Out,1500 E 62ND ST,60637.0,1187139.56006843,1864351.44001613,5.0,3.0,42.0,41.78288462221,-87.58942775201,"(41.782884622207, -87.589427752014)"
224,12/13/2018,Open,,18-03346763,Street Lights - All/Out,1013 W DIVISION ST,60642.0,1169450.14709306,1908185.43412012,27.0,18.0,8.0,41.9035706985,-87.65300929365,"(41.903570698503, -87.653009293647)"
225,12/13/2018,Open,,18-03348622,Street Lights - All/Out,348 W 100TH ST,60628.0,1175759.60453046,1838616.19199489,9.0,5.0,49.0,41.71252652997,-87.63191901329,"(41.712526529975, -87.631919013286)"
227,12/13/2018,Open,,18-03355071,Street Lights - All/Out,10900 S ALBANY AVE,60655.0,1157608.59103421,1832176.8565183,19.0,22.0,74.0,41.69524235163,-87.69856777472,"(41.695242351633, -87.698567774718)"
228,12/13/2018,Open,,18-03354870,Street Lights - All/Out,7214 S ABERDEEN ST,60621.0,1170230.8999907,1856970.80752165,6.0,7.0,68.0,41.76301596233,-87.65163433733,"(41.763015962331, -87.651634337325)"
229,12/13/2018,Open,,18-03346626,Street Lights - All/Out,11700 S AVENUE O,60617.0,1200924.62151675,1827992.90999606,10.0,4.0,55.0,41.68277579568,-87.54011709209,"(41.682775795679, -87.540117092091)"
232,12/12/2018,Open,,18-03337954,Street Lights - All/Out,3455 N KILDARE AVE,60641.0,1147107.67333114,1922624.39010759,30.0,17.0,16.0,41.94364946358,-87.734708445,"(41.943649463584, -87.734708445002)"
241,12/12/2018,Open,,18-03343977,Street Lights - All/Out,344 E WACKER DR,60601.0,1178831.49139216,1902462.80223424,42.0,1.0,32.0,41.88765821224,-87.61872497161,"(41.887658212244, -87.618724971612)"
243,12/12/2018,Open,,18-03337925,Street Lights - All/Out,6200 S PARK SHORE EAST CT,60637.0,1187559.37997272,1864359.33157696,5.0,3.0,42.0,41.78289630017,-87.58788833419,"(41.782896300168, -87.587888334189)"
244,12/12/2018,Open,,18-03345495,Street Lights - All/Out,5840 N WEST CIRCLE AVE,60631.0,1127759.70342322,1938366.49357512,41.0,16.0,10.0,41.98719625757,-87.8054672577,"(41.987196257565, -87.805467257698)"
245,12/12/2018,Open,,18-03344921,Street Lights - All/Out,1200 S LAKE SHORE DR,60605.0,1178894.63899043,1895103.61710212,4.0,1.0,33.0,41.8674627742,-87.6187180932,"(41.8674627742, -87.618718093202)"
250,12/12/2018,Open,,18-03340625,Street Lights - All/Out,4714 W SUPERIOR ST,60644.0,1144753.81602049,1904547.11921069,28.0,11.0,25.0,41.89408837916,-87.74381694572,"(41.894088379156, -87.743816945718)"
251,12/12/2018,Open,,18-03337820,Street Lights - All/Out,6007 W 56TH ST,60638.0,1137252.94251867,1866822.1573725,13.0,8.0,56.0,41.79070347534,-87.77227079842,"(41.790703475342, -87.772270798418)"
257,12/12/2018,Open,,18-03337931,Street Lights - All/Out,8223 S SAGINAW AVE,60617.0,1195267.47588989,1850959.00427756,7.0,4.0,46.0,41.74593800462,-87.56007027203,"(41.745938004617, -87.56007027203)"
258,12/12/2018,Open,,18-03345366,Street Lights - All/Out,1600 E 85TH ST,60617.0,1188400.36121851,1848938.71793402,8.0,4.0,45.0,41.74056073015,-87.58529672165,"(41.740560730148, -87.585296721648)"
263,12/12/2018,Open,,18-03344267,Street Lights - All/Out,999 W LAKESIDE PL,60640.0,1168773.5466148,1931726.62993372,46.0,19.0,3.0,41.96818353084,-87.6548101907,"(41.968183530841, -87.654810190697)"
265,12/12/2018,Open,,18-03344809,Street Lights - All/Out,2446 N FAIRFIELD AVE,60647.0,1157624.7183012,1916215.00022615,1.0,14.0,22.0,41.9258535982,-87.69622767156,"(41.9258535982, -87.696227671557)"
266,12/12/2018,Open,,18-03344679,Street Lights - All/Out,3800 N NORDICA AVE,60634.0,1128394.46398608,1924440.11611066,38.0,16.0,17.0,41.94897004263,-87.80344933215,"(41.948970042635, -87.803449332146)"
270,12/12/2018,Open - Dup,,18-03337980,Street Lights - All/Out,5520 W SCHOOL ST,60641.0,1138981.62489308,1921394.57536589,30.0,16.0,15.0,41.94042656963,-87.7646063391,"(41.940426569629, -87.764606339101)"
273,12/12/2018,Open,,18-03337935,Street Lights - All/Out,8720 S SOUTH CHICAGO AVE,60617.0,1193911.69599218,1847616.8642994,7.0,4.0,48.0,41.73680021394,-87.5651473459,"(41.73680021394, -87.565147345899)"
274,12/12/2018,Open,,18-03337840,Street Lights - All/Out,4200 S INDIANA AVE,60653.0,1178296.76649394,1877206.74301808,3.0,2.0,38.0,41.818366113,-87.62145753138,"(41.818366113001, -87.621457531383)"
276,12/12/2018,Open,,18-03340082,Street Lights - All/Out,3301 S HAMILTON AVE,60608.0,1162552.80422994,1882764.05171236,12.0,9.0,59.0,41.83395940046,-87.67905644994,"(41.833959400461, -87.679056449937)"
277,12/12/2018,Open,,18-03337907,Street Lights - All/Out,7000 S STATE ST,60637.0,1177508.32642224,1858602.95990471,6.0,3.0,69.0,41.76733341016,-87.6249121378,"(41.767333410162, -87.624912137804)"
279,12/12/2018,Open,,18-03337969,Street Lights - All/Out,4800 N ELSTON AVE,60630.0,1145561.61716839,1931526.74242503,39.0,17.0,14.0,41.96810773762,-87.74016458808,"(41.968107737622, -87.740164588077)"
281,12/11/2018,Open,,18-03331647,Street Lights - All/Out,111 W ADAMS ST,60603.0,1175472.70500805,1899429.65479199,42.0,1.0,32.0,41.87941117334,-87.63115048727,"(41.879411173338, -87.631150487274)"
284,12/11/2018,Open,,18-03336531,Street Lights - All/Out,1918 W LOYOLA AVE,60626.0,1162201.28989899,1943395.91173052,50.0,24.0,2.0,42.00034474852,-87.67864792506,"(42.000344748518, -87.67864792506)"
292,12/11/2018,Open - Dup,,18-03336182,Street Lights - All/Out,3100 N MONITOR AVE,60634.0,1136840.46817613,1920011.03611142,30.0,25.0,19.0,41.93666870252,-87.77250921135,"(41.936668702516, -87.772509211352)"
297,12/11/2018,Open,,18-03333140,Street Lights - All/Out,2959 W DIVERSEY AVE,60647.0,1156088.14162417,1918467.53902039,32.0,14.0,22.0,41.93206592436,-87.70181288358,"(41.932065924362, -87.701812883576)"
302,12/11/2018,Open,,18-03330316,Street Lights - All/Out,824 W 86TH ST,60620.0,1172253.64393199,1847824.23008856,21.0,6.0,71.0,41.73787234419,-87.64448902946,"(41.737872344194, -87.644489029463)"
303,12/11/2018,Open,,18-03330197,Street Lights - All/Out,5553 S AUSTIN AVE,60638.0,1137316.94251867,1867135.0573725,23.0,8.0,56.0,41.7915609818,-87.77202863008,"(41.791560981801, -87.772028630078)"
305,12/11/2018,Open,,18-03330273,Street Lights - All/Out,3700 N SAYRE AVE,60634.0,1129088.81849124,1923798.84319838,38.0,16.0,17.0,41.94719850824,-87.80091159095,"(41.947198508241, -87.800911590952)"
306,12/11/2018,Open,,18-03334453,Street Lights - All/Out,5516 W SCHOOL ST,60641.0,1139008.52489308,1921395.17536589,30.0,16.0,15.0,41.94042772632,-87.76450745633,"(41.940427726318, -87.764507456327)"
310,12/11/2018,Open,,18-03335884,Street Lights - All/Out,1 W HARRISON ST,60605.0,1176451.12200319,1897667.02770095,4.0,1.0,32.0,41.87455239842,-87.62761115198,"(41.874552398422, -87.627611151977)"
313,12/11/2018,Open,,18-03336662,Street Lights - All/Out,518 N OAKLEY BLVD,60612.0,1160974.95212025,1903635.66021339,26.0,12.0,24.0,41.89126597083,-87.68426698451,"(41.891265970828, -87.684266984506)"
314,12/11/2018,Open - Dup,,18-03333074,Street Lights - All/Out,13200 S COMMERCIAL AVE,60633.0,1198103.84999239,1818032.8341047,10.0,4.0,55.0,41.65551505206,-87.55077370256,"(41.655515052064, -87.550773702559)"
320,12/11/2018,Open,,18-03335939,Street Lights - All/Out,1645 N OAK PARK AVE,60707.0,1130831.39042297,1910199.51891667,29.0,25.0,25.0,41.90985043371,-87.79482019045,"(41.909850433708, -87.794820190453)"
322,12/11/2018,Open,,18-03336350,Street Lights - All/Out,3000 N MONITOR AVE,60634.0,1136861.8159924,1919346.18309853,30.0,25.0,19.0,41.93484389121,-87.77244674021,"(41.934843891209, -87.772446740214)"
327,12/11/2018,Open,,18-03336466,Street Lights - All/Out,11700 S LOOMIS ST,60643.0,1169102.04490702,1827164.887228,34.0,5.0,53.0,41.68124853566,-87.65663051549,"(41.681248535655, -87.656630515487)"
329,12/11/2018,Open - Dup,,18-03333678,Street Lights - All/Out,8400 S ESCANABA AVE,60617.0,1196946.00003234,1849832.89009641,10.0,4.0,46.0,41.74280630444,-87.55395732245,"(41.742806304436, -87.553957322447)"
332,12/11/2018,Open,,18-03336924,Street Lights - All/Out,3144 N MONITOR AVE,60634.0,1136830.76817613,1920306.73611142,30.0,25.0,19.0,41.93748030902,-87.77253775167,"(41.937480309018, -87.77253775167)"
334,12/11/2018,Open,,18-03335685,Street Lights - All/Out,1010 N LAKE SHORE DR,60611.0,1177293.46979415,1907375.55910579,42.0,18.0,8.0,41.9011740628,-87.62422389337,"(41.9011740628, -87.624223893375)"
335,12/11/2018,Open,,18-03330308,Street Lights - All/Out,5455 N AUSTIN AVE,60630.0,1135219.33169252,1936027.50257905,45.0,16.0,11.0,41.98064842096,-87.77808578647,"(41.980648420962, -87.778085786471)"
339,12/10/2018,Open - Dup,,18-03326650,Street Lights - All/Out,13251 S COMMERCIAL AVE,60633.0,1198105.23279793,1817689.66211178,10.0,4.0,55.0,41.65457331345,-87.55078004226,"(41.654573313445, -87.550780042259)"
340,12/10/2018,Open,,18-03321128,Street Lights - All/Out,77 E 36TH ST,60653.0,1177591.01541383,1881296.17708141,3.0,2.0,35.0,41.82960387082,-87.62392257724,"(41.829603870819, -87.62392257724)"
341,12/10/2018,Open,,18-03321351,Street Lights - All/Out,8500 W MONTROSE AVE,60634.0,1118567.56491752,1928153.56970199,38.0,16.0,76.0,41.95932126642,-87.83949362174,"(41.959321266422, -87.839493621737)"
342,12/10/2018,Open,,18-03321356,Street Lights - All/Out,8449 W LAWRENCE AVE,60656.0,1118786.26001515,1930792.62972577,38.0,16.0,76.0,41.96655971207,-87.83863356721,"(41.966559712069, -87.838633567212)"
346,12/10/2018,Open,,18-03328026,Street Lights - All/Out,400 S WABASH AVE,60605.0,1176867.04200583,1898552.20252784,4.0,1.0,32.0,41.87697197567,-87.62605731223,"(41.876971975673, -87.626057312226)"
366,12/10/2018,Open,,18-03321362,Street Lights - All/Out,8600 W LAWRENCE AVE,0.0,1117947.05993046,1930767.33141833,0.0,31.0,0.0,41.96650354515,-87.84171979155,"(41.966503545149, -87.841719791552)"
376,12/10/2018,Open,,18-03321031,Street Lights - All/Out,7001 S STATE ST,60637.0,1177508.42642224,1858592.35990471,6.0,3.0,69.0,41.76730432034,-87.62491209127,"(41.767304320339, -87.624912091274)"
377,12/10/2018,Open,,18-03328989,Street Lights - All/Out,2836 W TOUHY AVE,60645.0,1156208.25848654,1947616.33102146,50.0,24.0,2.0,42.01204936237,-87.70058030321,"(42.012049362371, -87.700580303215)"
378,12/10/2018,Open - Dup,,18-03327175,Street Lights - All/Out,13300 S COMMERCIAL AVE,60633.0,1198106.53279793,1817366.66211178,10.0,4.0,55.0,41.65368693106,-87.55078601452,"(41.653686931061, -87.550786014516)"
386,12/10/2018,Open,,18-03326631,Street Lights - All/Out,13251 S COMMERCIAL AVE,60633.0,1198105.23279793,1817689.66211178,10.0,4.0,55.0,41.65457331345,-87.55078004226,"(41.654573313445, -87.550780042259)"
387,12/10/2018,Open - Dup,,18-03327204,Street Lights - All/Out,13200 S COMMERCIAL AVE,60633.0,1198103.84999239,1818032.8341047,10.0,4.0,55.0,41.65551505206,-87.55077370256,"(41.655515052064, -87.550773702559)"
403,12/09/2018,Open,,18-03316460,Street Lights - All/Out,7821 S CORNELL AVE,60649.0,1188594.31740035,1853449.05500862,8.0,4.0,43.0,41.75293289452,-87.58444227082,"(41.752932894522, -87.584442270824)"
406,12/09/2018,Open,,18-03317858,Street Lights - All/Out,4715 W DIVERSEY AVE,60639.0,1144403.48002865,1918199.2686192,31.0,25.0,19.0,41.93155791056,-87.74475955375,"(41.931557910558, -87.744759553753)"
407,12/09/2018,Open,,18-03318390,Street Lights - All/Out,1045 W 111TH PL,60643.0,1171117.46997445,1830867.70998682,34.0,22.0,75.0,41.6913660074,-87.64914534182,"(41.691366007402, -87.649145341824)"
408,12/09/2018,Open,,18-03317806,Street Lights - All/Out,9740 S GENOA AVE,60643.0,1170507.2712181,1840023.6499091,34.0,22.0,73.0,41.71650460782,-87.65111379504,"(41.716504607821, -87.651113795036)"
412,12/09/2018,Open,,18-03318782,Street Lights - All/Out,4010 W MADISON ST,60624.0,1149661.59029691,1899711.11269848,28.0,11.0,26.0,41.8807239093,-87.72591780918,"(41.8807239093, -87.725917809183)"
425,12/08/2018,Open,,18-03315151,Street Lights - All/Out,1202 S CLINTON ST,60607.0,1172902.35227704,1894961.42667305,11.0,1.0,28.0,41.86720737035,-87.64072071542,"(41.867207370353, -87.640720715422)"
427,12/08/2018,Open,,18-03315687,Street Lights - All/Out,3425 W 71ST PL,60629.0,1154772.3261333,1856989.38992858,17.0,8.0,66.0,41.7633891664,-87.70829268498,"(41.763389166399, -87.708292684981)"
428,12/08/2018,Open,,18-03315247,Street Lights - All/Out,600 W JACKSON BLVD,60661.0,1172376.32347301,1898890.65306763,42.0,1.0,28.0,41.87800107099,-87.64253573749,"(41.878001070994, -87.642535737488)"
440,12/07/2018,Open,,18-03305290,Street Lights - All/Out,355 W MONROE ST,60606.0,1173916.95319252,1899858.92921683,42.0,1.0,32.0,41.88062391548,-87.63685011372,"(41.880623915477, -87.636850113719)"
449,12/07/2018,Open,,18-03310059,Street Lights - All/Out,5600 N PULASKI RD,60646.0,1148714.25211658,1936914.46541065,39.0,17.0,13.0,41.98283153071,-87.72843257405,"(41.982831530711, -87.728432574055)"
469,12/07/2018,Open,,18-03305303,Street Lights - All/Out,5000 S SB OUTER LAKE SHORE DR,60615.0,1188631.08277026,1872203.57418413,5.0,2.0,39.0,41.80439590396,-87.58370842372,"(41.804395903959, -87.583708423725)"
475,12/07/2018,Open,,18-03305309,Street Lights - All/Out,2320 E 93RD ST,60617.0,1193372.72008017,1843756.34737958,7.0,4.0,48.0,41.7262197879,-87.56724783172,"(41.726219787905, -87.56724783172)"
478,12/07/2018,Open - Dup,,18-03306430,Street Lights - All/Out,8400 S ESCANABA AVE,60617.0,1196946.00003234,1849832.89009641,10.0,4.0,46.0,41.74280630444,-87.55395732245,"(41.742806304436, -87.553957322447)"
482,12/07/2018,Open,,18-03305406,Street Lights - All/Out,8400 S PEORIA ST,60620.0,1171767.23492743,1849140.59186922,21.0,6.0,71.0,41.74149528904,-87.64623259974,"(41.741495289036, -87.646232599736)"
523,12/06/2018,Open,,18-03297951,Street Lights - All/Out,2241 E 95TH ST,60617.0,1192846.21999255,1842412.42598029,7.0,4.0,51.0,41.72254478049,-87.5692201069,"(41.722544780492, -87.569220106899)"
528,12/06/2018,Open,,18-03297940,Street Lights - All/Out,120 W 87TH ST,60620.0,1176957.00711712,1847261.83627219,21.0,6.0,44.0,41.73622446646,-87.6272740824,"(41.736224466459, -87.627274082405)"
548,12/06/2018,Open,,18-03297919,Street Lights - All/Out,6900 S DAMEN AVE,60636.0,1164216.24773036,1858900.85210107,17.0,7.0,67.0,41.76844095861,-87.67362490525,"(41.768440958612, -87.67362490525)"
566,12/06/2018,Open,,18-03298394,Street Lights - All/Out,11800 S EWING AVE,60617.0,1202263.05001877,1827334.72318145,10.0,4.0,55.0,41.68093574914,-87.53524006288,"(41.680935749137, -87.535240062882)"
580,12/05/2018,Open - Dup,,18-03290778,Street Lights - All/Out,4600 N WINCHESTER AVE,60640.0,1162585.76989243,1930561.00248976,47.0,19.0,4.0,41.96511721448,-87.67759499119,"(41.965117214481, -87.677594991187)"
585,12/05/2018,Open,,18-03292165,Street Lights - All/Out,8544 S SANGAMON ST,60620.0,1171471.17242051,1848173.25840118,21.0,6.0,71.0,41.73884727634,-87.64734560941,"(41.738847276337, -87.647345609409)"
640,12/04/2018,Open - Dup,,18-03284120,Street Lights - All/Out,7110 S JEFFERY BLVD,60649.0,1190777.09169588,1858150.50738698,5.0,3.0,43.0,41.76578165762,-87.57629178404,"(41.765781657618, -87.576291784043)"
654,12/04/2018,Open,,18-03282034,Street Lights - All/Out,8600 W LAWRENCE AVE,0.0,1117947.05993046,1930767.33141833,0.0,31.0,0.0,41.96650354515,-87.84171979155,"(41.966503545149, -87.841719791552)"
666,12/04/2018,Open,,18-03281864,Street Lights - All/Out,9500 S HOUSTON AVE,60617.0,1198175.22012837,1842545.64090427,10.0,4.0,51.0,41.72277887731,-87.54969662901,"(41.722778877306, -87.549696629009)"
790,12/04/2018,Open,,18-03288460,Street Lights - All/Out,8400 S ESCANABA AVE,60617.0,1196946.00003234,1849832.89009641,10.0,4.0,46.0,41.74280630444,-87.55395732245,"(41.742806304436, -87.553957322447)"
833,12/04/2018,Open - Dup,,18-03282013,Street Lights - All/Out,5900 N LEONARD AVE,60646.0,1136854.60889313,1939125.84838639,39.0,16.0,11.0,41.98912129538,-87.77199702532,"(41.989121295377, -87.77199702532)"
855,12/04/2018,Open,,18-03282038,Street Lights - All/Out,8500 W LAWRENCE AVE,0.0,1118470.7999898,1930783.80037931,0.0,31.0,0.0,41.96654047553,-87.83979368241,"(41.966540475525, -87.839793682407)"
879,12/03/2018,Open,,18-03279693,Street Lights - All/Out,8600 S ELIZABETH ST,60620.0,1169493.09600153,1847753.03561452,21.0,6.0,71.0,41.73773716518,-87.65460502993,"(41.73773716518, -87.654605029926)"
959,12/03/2018,Open,,18-03280979,Street Lights - All/Out,5908 N LEONARD AVE,60646.0,1136806.00889313,1939159.44838639,39.0,16.0,11.0,41.98921437049,-87.77217497606,"(41.989214370493, -87.772174976057)"
974,12/02/2018,Open,,18-03269569,Street Lights - All/Out,4600 N WINCHESTER AVE,60640.0,1162585.76989243,1930561.00248976,47.0,19.0,4.0,41.96511721448,-87.67759499119,"(41.965117214481, -87.677594991187)"
1079,11/30/2018,Open,,18-03256650,Street Lights - All/Out,4915 S KEDZIE AVE,60632.0,1155874.30326597,1871796.81582085,14.0,9.0,63.0,41.80400086364,-87.70385636086,"(41.80400086364, -87.703856360863)"
1098,11/29/2018,Open,,18-03255411,Street Lights - All/Out,396 N NB OUTER LAKE SHORE DR,60601.0,1180117.07669366,1902960.25337848,42.0,18.0,8.0,41.8889937655,-87.61398865176,"(41.888993765502, -87.613988651759)"
1104,11/29/2018,Open,,18-03255645,Street Lights - All/Out,7830 S TRUMBULL AVE,60652.0,1154740.82239948,1852474.05850165,18.0,8.0,70.0,41.75099899714,-87.70852834939,"(41.750998997137, -87.708528349389)"
1154,11/29/2018,Open,,18-03255367,Street Lights - All/Out,2903 N NB OUTER LAKE SHORE DR,60657.0,1175015.8162681,1919506.79913047,44.0,19.0,6.0,41.93451405145,-87.63222554461,"(41.934514051446, -87.632225544606)"
1216,11/28/2018,Open,,18-03241338,Street Lights - All/Out,8629 S CHAMPLAIN AVE,60619.0,1182058.9301152,1847910.67747931,6.0,6.0,44.0,41.73788858357,-87.60856254909,"(41.737888583568, -87.608562549086)"
1233,11/28/2018,Open,,18-03248609,Street Lights - All/Out,2500 S STATE ST,60616.0,1176726.61172279,1887790.68737482,3.0,1.0,33.0,41.84744484976,-87.62689805341,"(41.847444849757, -87.626898053409)"
1237,11/28/2018,Open,,18-03241641,Street Lights - All/Out,8400 W LAWRENCE AVE,0.0,1119316.90188437,1930809.34451814,0.0,31.0,0.0,41.96659715546,-87.83668207229,"(41.966597155459, -87.836682072293)"
1473,11/21/2018,Open,,18-03198927,Street Lights - All/Out,9621 S AVENUE L,60617.0,1201784.37460191,1841912.82889178,10.0,4.0,52.0,41.72095147827,-87.53649848928,"(41.720951478267, -87.536498489279)"
1591,11/19/2018,Open,,18-03183754,Street Lights - All/Out,2709 W LEXINGTON ST,60612.0,1158424.66531491,1896593.77429238,28.0,11.0,27.0,41.87199493154,-87.69382569136,"(41.87199493154, -87.693825691361)"
1625,11/19/2018,Open,,18-03182715,Street Lights - All/Out,10001 S BEVERLY AVE,60643.0,1168567.96077947,1838126.28241742,34.0,22.0,73.0,41.71133988726,-87.65827106998,"(41.711339887256, -87.658271069978)"
1673,11/16/2018,Open,,18-03168786,Street Lights - All/Out,210 N WELLS ST,60606.0,1174696.98801277,1901725.61738759,42.0,1.0,32.0,41.88572881232,-87.6339300624,"(41.885728812315, -87.633930062402)"
2053,11/07/2018,Open,,18-03104734,Street Lights - All/Out,7300 S GREENWOOD AVE,60619.0,1184816.84000846,1856833.99178039,5.0,3.0,69.0,41.76231088806,-87.59817904458,"(41.762310888064, -87.598179044577)"
2751,10/22/2018,Open,,18-02979786,Street Lights - All/Out,7136 S JEFFERY BLVD,60649.0,1190782.21001767,1857933.06997271,5.0,3.0,43.0,41.76518486818,-87.57628003853,"(41.765184868181, -87.576280038528)"
4391,09/19/2018,Open - Dup,,18-02715092,Street Lights - All/Out,136 N GARLAND CT,60602.0,1177037.2699951,1901173.09082104,42.0,1.0,32.0,41.8841599881,-87.62535290888,"(41.884159988103, -87.625352908879)"
4727,09/12/2018,Open - Dup,,18-02641838,Street Lights - All/Out,10920 S ESMOND ST,60643.0,1166455.36999916,1832093.23998987,19.0,22.0,75.0,41.69482941779,-87.66617906092,"(41.694829417795, -87.666179060922)"
5296,09/04/2018,Open,,18-02567010,Street Lights - All/Out,1199 W 54TH ST,60609.0,1169242.02873319,1868979.2299691,20.0,9.0,61.0,41.79598997913,-87.65491148801,"(41.795989979125, -87.654911488008)"
5570,08/30/2018,Open - Dup,,18-02529127,Street Lights - All/Out,6 S KARLOV AVE,60624.0,1149062.70022554,1899678.73088263,28.0,11.0,26.0,41.88064666034,-87.72811774089,"(41.880646660343, -87.72811774089)"
5960,08/23/2018,Open - Dup,,18-02472088,Street Lights - All/Out,600 W VAN BUREN ST,60607.0,1172390.4382196,1898428.64412604,42.0,1.0,28.0,41.87673297563,-87.64249756629,"(41.876732975631, -87.642497566289)"
6209,08/17/2018,Open,,18-02422125,Street Lights - All/Out,600 W VAN BUREN ST,60607.0,1172390.4382196,1898428.64412604,42.0,1.0,28.0,41.87673297563,-87.64249756629,"(41.876732975631, -87.642497566289)"
6974,07/30/2018,Open,,18-02247482,Street Lights - All/Out,6241 S LAWNDALE AVE,60629.0,1152785.03941153,1862868.59450144,23.0,8.0,65.0,41.77956202821,-87.71542175172,"(41.779562028214, -87.715421751722)"
8402,07/01/2018,Open - Dup,,18-01976654,Street Lights - All/Out,1851 S LAWNDALE AVE,60623.0,1151992.42529321,1890741.34022249,24.0,10.0,29.0,41.85606425605,-87.71759536414,"(41.856064256048, -87.71759536414)"
8855,06/21/2018,Open - Dup,,18-01890706,Street Lights - All/Out,1830 S RIDGEWAY AVE,60623.0,1151655.84808027,1890891.929102,24.0,10.0,29.0,41.85648410652,-87.71882682537,"(41.856484106516, -87.718826825365)"
10770,05/10/2018,Open,,18-01478483,Street Lights - All/Out,1800 S LAWNDALE AVE,60623.0,1151981.29671736,1891126.32741073,24.0,10.0,29.0,41.85712092543,-87.71762607877,"(41.857120925433, -87.717626078773)"
11194,04/29/2018,Open,,18-01363399,Street Lights - All/Out,4001 W WILCOX ST,60624.0,1149744.35756937,1899035.7821832,28.0,11.0,26.0,41.87886911932,-87.72563145093,"(41.878869119323, -87.725631450927)"
15555,01/22/2018,Open - Dup,,18-00421083,Street Lights - All/Out,3900 W 81ST PL,60652.0,1151812.1127108,1850254.02911852,18.0,8.0,70.0,41.7449647173,-87.71931877131,"(41.744964717301, -87.719318771312)"
16430,12/28/2017,Open - Dup,,17-08632689,Street Lights - All/Out,1600 W 59TH ST,60636.0,1166682.39741482,1865590.82618508,16.0,7.0,67.0,41.78674683851,-87.66439449263,"(41.786746838506, -87.66439449263)"
16542,12/21/2017,Open - Dup,,17-08507152,Street Lights - All/Out,800 E MIDWAY PLAISANCE,60637.0,1182590.38041647,1865859.54306927,5.0,2.0,41.0,41.78712978254,-87.60605948788,"(41.787129782537, -87.606059487885)"
17879,11/13/2017,Open - Dup,,17-07662782,Street Lights - All/Out,10600 S AVERS AVE,60655.0,1152560.85001603,1833865.53997336,19.0,22.0,74.0,41.6999770234,-87.71700517048,"(41.699977023397, -87.717005170478)"
18150,11/07/2017,Open - Dup,,17-07519256,Street Lights - All/Out,1245 E 88TH ST,60619.0,1186228.62002194,1846889.79997786,8.0,4.0,48.0,41.73498981174,-87.59331820446,"(41.734989811735, -87.593318204463)"
20856,09/11/2017,Open - Dup,,17-06036591,Street Lights - All/Out,2162 S TAN CT,60616.0,1174300.23879493,1890349.52959263,25.0,9.0,34.0,41.85452093276,-87.63572649215,"(41.854520932757, -87.635726492151)"
21235,08/30/2017,Open - Dup,,17-05791280,Street Lights - All/Out,11005 S STATE LINE RD,0.0,1205110.55747256,1832613.43998685,0.0,0.0,52.0,41.6953481365,-87.52463562365,"(41.695348136496, -87.524635623645)"
